id_obra,autor,titulo,recorrido_principal,recorrido_secundario,estado_recorrido,fuente_decision,evidencia,evidencia_textual,decision_explicita,conflicto_clasificacion,recorridos_en_conflicto,requiere_revision,en_corpus,observaciones
andersonblackindigenous,Mark Anderson,Black and Indigenous,C1,C7|C10,confirmado,decision-academica-andersonblackindigenous-p2-etapa-2-3f.md,decisión de Dirección Académica con lectura documentada,sí,sí,no,,no,sí,P2
atkinsonearliest,Lesley-Gail Atkinson (ed.),The Earliest Inhabitants,C1,,confirmado,decision-academica-atkinsonearliest-p2-etapa-2-3f.md,decisión de Dirección Académica con lectura documentada,sí,sí,no,,no,sí,P2
felicianosantos,Sherina Feliciano-Santos,A Contested Caribbean Indigeneity,C1,C7|C9,confirmado,decision-academica-felicianosantos-p2-etapa-2-3f.md,decisión de Dirección Académica con lectura documentada,sí,sí,no,,no,sí,P2
keeganhofman,William F. Keegan y Corinne L. Hofman,The Caribbean before Columbus,C1,C5,confirmado,piloto-generado.json,"La síntesis arqueológica reconstruye poblamientos, redes interinsulares y mundos indígenas anteriores a la ocupación europea.",sí,sí,no,,sí,sí,lote · decisión: confirmar_con_ajuste_de_esquema; con pendientes declarados
belisodelirium,Aisha M. Beliso-De Jesús,"Excited Delirium: Race, Police Violence, and the Invention of a Disease",C10,C7|C9,confirmado,a01-generado.json,"El cuerpo racializado convertido en diagnóstico y objeto de violencia estatal organiza el libro; la conexión caribeña es diaspórica y religiosa, no territorial.",sí,sí,no,,sí,sí,lote · decisión: confirmar_candidatura_con_nota_diasporica; con pendientes declarados
curtispleasures,Debra Curtis,Pleasures and Perils: Girls' Sexuality in a Caribbean Consumer Culture,C10,C4,confirmado,a01-generado.json,"Sexualidad, coerción, consentimiento y placer estructuran la etnografía; consumo y desigualdad económica son secundarios.",sí,sí,no,,no,sí,lote · decisión: confirmar_candidatura
gill,Lyndon K. Gill,Erotic Islands: Art and Activism in the Queer Caribbean,C10,C9,confirmado,a01-generado.json,"El eros es teoría, método y práctica política; arte, espiritualidad y memoria queer amplían la corriente sin desplazarla.",sí,sí,no,,no,sí,lote · decisión: confirmar_candidatura
kempadoo,Kamala Kempadoo,"Sexing the Caribbean: Gender, Race and Sexual Labor",C10,C4,confirmado,a01-generado.json,"Género, raza y trabajo sexual se estudian desde cuerpos y relaciones eróticas racializadas; turismo y mercado quedan como dimensión económica.",sí,sí,no,,no,sí,lote · decisión: confirmar_candidatura
kutzinskisugar,Vera M. Kutzinski,Sugar's Secrets: Race and the Erotics of Cuban Nationalism,C10,C7,confirmado,a01-generado.json,La figura erótica racializada organiza la crítica del nacionalismo cubano; nación y soberanía son la dimensión secundaria.,sí,sí,no,,no,sí,lote · decisión: confirmar_candidatura
nixon_resistingparadise,Angelique V. Nixon,"Resisting Paradise: Tourism, Diaspora, and Sexuality in Caribbean Culture",C10,C4|C5,confirmado,a01-generado.json,La producción cultural y sexual del paraíso articula el libro; turismo y diáspora funcionan como economías y rutas secundarias.,sí,sí,no,,no,sí,lote · decisión: confirmar_candidatura
quintero,Ángel Quintero Rivera,Cuerpo y cultura,C10,,confirmado,dictamen-academico-bloque-1-etapa-2-3.md,"C10 principal, sin C3 secundaria",sí,sí,no,,no,sí,P1
stoutafterlove,Noelle M. Stout,After Love: Queer Intimacy and Erotic Economies in Post-Soviet Cuba,C10,C4,confirmado,a01-generado.json,"La intimidad queer, el deseo y las economías eróticas organizan el argumento; la transformación económica es secundaria.",sí,sí,no,,no,sí,lote · decisión: confirmar_candidatura
womenancestors,Virginia Kerns,Women and the Ancestors,C10,C9,confirmado,decision-academica-womenancestors-p2-etapa-2-3f.md,decisión de Dirección Académica con lectura documentada,sí,sí,no,,no,sí,P2
hall_slavesocietydanish,Neville A. T. Hall (ed. B. W. Higman),"Slave Society in the Danish West Indies: St. Thomas, St. John and St. Croix",C2,C3|C4,confirmado,a01-generado.json,"El libro define la esclavitud como fundamento de toda la sociedad colonial; rebeliones y emancipación son capítulos de esa arquitectura, no el principio ordenador.",sí,sí,no,,no,sí,lote · decisión: corregir_corriente
handlerlangebarbados,Jerome S. Handler y Frederick W. Lange,Plantation Slavery in Barbados: An Archaeological and Historical Investigation,C2,C9,confirmado,a02-generado.json,"El régimen esclavista de plantación y su cultura material organizan la obra; memoria, entierro y archivo material sostienen una secundaria C9.",sí,sí,no,,no,sí,lote · decisión: corregir_corriente
mintzarea,Sidney W. Mintz,The Caribbean as a Socio-Cultural Area,C2,C4,confirmado,decision-academica-mintzarea-p2-etapa-2-3f.md,decisión de Dirección Académica con lectura documentada,sí,sí,no,,no,sí,P2
morenofraginals,Manuel Moreno Fraginals,El ingenio: complejo económico social cubano del azúcar,C2,C4,confirmado,a01-generado.json,El objeto es el complejo azucarero esclavista; postplantación describe mejor la persistencia posterior que el núcleo histórico del libro.,sí,sí,no,,sí,sí,lote · decisión: corregir_corriente; con pendientes declarados
naveda_esclavoscordoba,Adriana Naveda Chávez-Hita,"Esclavos negros en las haciendas azucareras de Córdoba, Veracruz, 1690-1830",C2,C4,confirmado,s01-generado.json,El estudio se organiza alrededor de la esclavitud negra y el sistema azucarero de Córdoba durante los siglos XVII a XIX; la postplantación queda como persistencia secundaria.,sí,sí,no,,no,sí,lote · decisión: corregir_lengua_y_corriente
sherwood,Marika Sherwood,After Abolition,C2,,confirmado,dictamen-academico-bloque-4-etapa-2-3.md,"C2 principal, sin C4 ni C5 secundaria",sí,sí,no,,no,sí,P1
williamscapitalismo,Eric Williams,Capitalismo y esclavitud (Capitalism and Slavery),C2,C4,confirmado,piloto-generado.json,El libro sitúa la trata y la esclavización antillana en la formación del capitalismo británico y discute la abolición desde la transformación económica.,sí,sí,no,,sí,sí,lote · decisión: confirmar; con pendientes declarados
hazareesingh,Sudhir Hazareesingh,Black Spartacus: The Epic Life of Toussaint Louverture,C3,C7|C9,confirmado,a02-generado.json,"La biografía se organiza alrededor de revolución, emancipación y estrategia de Toussaint; soberanía y memoria política funcionan como secundarias.",sí,sí,no,,no,sí,lote · decisión: corregir_corriente
helgnuncamas,Aline Helg,¡Nunca más esclavos! Una historia comparada de los esclavos que se liberaron en las Américas,C3,C2,confirmado,a01-generado.json,Las estrategias mediante las cuales personas esclavizadas se liberaron articulan la comparación; el régimen esclavista es el contexto secundario.,sí,sí,no,,no,sí,lote · decisión: confirmar_candidatura
james,C. L. R. James,The Black Jacobins,C3,C7,confirmado,dictamen-academico-bloque-3-etapa-2-3.md,C3 principal / C7 secundaria,sí,sí,no,,no,sí,P1
price,Richard Price (ed.),Maroon Societies,C3,,confirmado,piloto-generado.json,El volumen organiza una comparación hemisférica de comunidades cimarronas y combina fuentes históricas y estudios antropológicos.,sí,sí,no,,sí,sí,lote · decisión: confirmar; con pendientes declarados
tackysrevolt,Vincent Brown,Tacky's Revolt: The Story of an Atlantic Slave War,C3,C2|C5,confirmado,a01-generado.json,La insurrección es narrada como guerra atlántica con estrategia y redes propias; esclavización y rutas atlánticas son secundarias.,sí,sí,no,,no,sí,lote · decisión: confirmar_candidatura
totumo,Dolcey Romero Jaramillo,Los acuerdos y la idealización del palenque en la provincia de Cartagena: el caso del Totumo (1714-1767),C3,,confirmado,piloto-generado.json,El artículo reconstruye acuerdos entre cimarrones y autoridades coloniales y cuestiona la idealización del palenque como libertad absoluta.,sí,sí,no,,sí,sí,lote · decisión: confirmar_con_correccion; con pendientes declarados
alvarezboro,William Álvarez Álvarez,“Esto es el boro”: vidas en la periferia,C4,,confirmado,s01-generado.json,"La etnografía explica precariedad, segregación étnico-racial, violencia urbana y marginación sociopolítica estructural en una periferia afrocaribeña de Cartagena.",sí,sí,no,,sí,sí,lote · decisión: normalizar_lengua_y_confirmar; con pendientes declarados
bestlevitt,Lloyd Best y Kari Polanyi Levitt,Essays on the Theory of Plantation Economy: A Historical and Institutional Approach to Caribbean Economic Development,C4,C7,confirmado,a01-generado.json,La economía de plantación se teoriza como estructura persistente de dependencia; subordinación metropolitana y soberanía económica son secundarias.,sí,sí,no,,no,sí,lote · decisión: confirmar_candidatura
bourgoisethnicity,Philippe Bourgois,Ethnicity at Work: Divided Labor on a Central American Banana Plantation,C4,,confirmado,piloto-generado.json,La obra muestra cómo una empresa bananera transnacional organiza la división étnica del trabajo y reproduce jerarquías raciales y de clase en Costa Rica y Panamá.,sí,sí,no,,sí,sí,lote · decisión: confirmar_con_ajuste_de_catalogo; con pendientes declarados
downtownladies,Gina Athena Ulysse,"Downtown Ladies: Informal Commercial Importers, a Haitian Anthropologist, and Self-Making in Jamaica",C4,C5|C10,confirmado,a01-generado.json,"El centro es el trabajo informal transnacional y la autonomía económica de comerciantes; género y cuerpo importan, pero no organizan por sí solos el libro.",sí,sí,no,,no,sí,lote · decisión: corregir_corriente_y_fecha
exceptviolence,Deborah A. Thomas,Exceptional Violence,C4,C5,confirmado,dictamen-academico-bloque-4-etapa-2-3.md,C4 principal / C5 secundaria (C2 descartada),sí,sí,no,,no,sí,P1
figueroa,José Antonio Figueroa,"Realismo mágico, vallenato y violencia política en el Caribe colombiano",C4,C8,confirmado,s01-generado.json,"El argumento central vincula tradicionalismo cultural, poderes locales, violencia contra el campesinado y bloqueo de la modernización agraria; la creolización queda como dimensión secundaria.",sí,sí,no,,sí,sí,lote · decisión: identificar_y_corregir; con pendientes declarados
floresvillalobos,Joan Flores-Villalobos,The Silver Women: How Black Women's Labor Made the Panama Canal,C4,C5|C10,confirmado,a01-generado.json,"El trabajo reproductivo de mujeres migrantes sostiene la infraestructura imperial y la fuerza laboral; diáspora, intimidad y parentesco son secundarios.",sí,sí,no,,no,sí,lote · decisión: confirmar_corriente_y_corregir_fecha
klein_battleparadise,Naomi Klein,The Battle for Paradise: Puerto Rico Takes on the Disaster Capitalists,C4,C6|C7,confirmado,a02-generado.json,"El centro es el capitalismo del desastre, la privatización y la desposesión post-María; ecología del huracán y soberanía son cruces secundarios.",sí,sí,no,,no,sí,lote · decisión: corregir_corriente
lightfoot,Natasha Lightfoot,Troubling Freedom,C4,C3,confirmado,dictamen-academico-bloque-1-etapa-2-3.md,C4 principal / C3 secundaria (C2 descartada),sí,sí,no,,no,sí,P1
peasantscapital,Michel-Rolph Trouillot,Peasants and Capital: Dominica in the World Economy,C4,C7,confirmado,a02-generado.json,"El argumento explica cómo el campesinado dominicano se articula con capital, mercado bananero y sistema mundial; soberanía y dependencia quedan como dimensión secundaria.",sí,sí,no,,no,sí,lote · decisión: confirmar_candidatura
politicallife,Deborah A. Thomas,"Political Life in the Wake of the Plantation: Sovereignty, Witnessing, Repair",C4,C7|C9,confirmado,a02-generado.json,"Las lógicas postplantación articulan trabajo, ciudadanía y violencia estatal; soberanía y memoria de la incursión son secundarias sustantivas.",sí,sí,no,,no,sí,lote · decisión: confirmar_candidatura
reddock,Rhoda Reddock,"Women, Labour and Politics in Trinidad and Tobago: A History",C4,C10,confirmado,a01-generado.json,"Trabajo, empleo y participación política de las mujeres constituyen la arquitectura histórica del libro; género atraviesa esa economía política.",sí,sí,no,,no,sí,lote · decisión: corregir_corriente
shellerconsuming,Mimi Sheller,Consuming the Caribbean: From Arawaks to Zombies,C4,C5|C8,confirmado,a01-generado.json,"La explotación colonial persiste en consumo, turismo y conocimiento; movilidades y discursos de creolización son secundarios.",sí,sí,no,,no,sí,lote · decisión: confirmar_corriente_y_corregir_fecha
steward,"Julian Steward et al. (con Mintz, Wolf, Padilla Seda)",The People of Puerto Rico: A Study in Social Anthropology,C4,,confirmado,piloto-generado.json,La obra compara subculturas puertorriqueñas configuradas por entornos y regímenes económicos locales; el identificador más antiguo conserva los enlaces citables.,sí,sí,no,,sí,sí,lote · decisión: fusionar_y_confirmar; con pendientes declarados
workercane,Sidney W. Mintz,Worker in the Cane: A Puerto Rican Life History,C4,C2,confirmado,a02-generado.json,La historia de vida de Don Taso organiza una lectura del trabajo cañero y la proletarización; la plantación azucarera es su arquitectura histórica secundaria.,sí,sí,no,,no,sí,lote · decisión: confirmar_candidatura
afrocentroam,Sarah England,Afro Central Americans in New York City: Garifuna Tales of Transnational Movements in Racialized Space,C5,C7|C10,confirmado,a02-generado.json,"La vida social y política garífuna se produce a través de la migración transnacional; ciudadanía, racialización y parentesco son dimensiones secundarias.",sí,sí,no,,no,sí,lote · decisión: corregir_corriente
bassiacuoso,Ernesto Bassi,Un territorio acuoso: geografías marineras y el Gran Caribe transimperial de la Nueva Granada,C5,C7,confirmado,piloto-generado.json,"La obra organiza su argumento alrededor de circulaciones marítimas, geografías vividas y un Gran Caribe transimperial.",sí,sí,no,,sí,sí,lote · decisión: confirmar; con pendientes declarados
gonzalezsojourners,Nancie L. González,Sojourners of the Caribbean,C5,C3,confirmado,dictamen-academico-bloque-1-etapa-2-3.md,C5 principal / C3 secundaria (C1 descartada),sí,sí,no,,no,sí,P1
harpellecostarica,Ronald N. Harpelle,"The West Indians of Costa Rica: Race, Class, and the Integration of an Ethnic Minority",C5,C4|C7,confirmado,a02-generado.json,La migración antillana y su asentamiento en Costa Rica estructuran el libro; trabajo bananero y fronteras nacionales son secundarios.,sí,sí,no,,no,sí,lote · decisión: corregir_corriente
islandscity,Nancy Foner (ed.),Islands in the City: West Indian Migration to New York,C5,C7|C10,confirmado,a02-generado.json,"El volumen compara migraciones caribeñas y formaciones transnacionales en Nueva York; ciudadanía, raza y parentesco son cruces secundarios.",sí,sí,no,,no,sí,lote · decisión: corregir_corriente
londonoargonauts,Wilhelm Londoño Díaz,The Argonauts of West Caribbean: Tradition of Canoes of Taganga,C5,C1|C4,confirmado,s01-generado.json,"La navegación, las canoas, los intercambios y la costa como red de puertos organizan el libro; la persistencia indígena y el despojo litoral funcionan como corrientes secundarias.",sí,sí,no,,sí,sí,lote · decisión: corregir_lengua_y_corriente; con pendientes declarados
mahlertricontinental,Anne Garland Mahler,"From the Tricontinental to the Global South: Race, Radicalism, and Transnational Solidarity",C5,C7|C8,confirmado,a02-generado.json,"La circulación de lenguajes, imágenes y solidaridad antiimperial desde la Tricontinental organiza el estudio; soberanía y traducción política son secundarias.",sí,sí,no,,no,sí,lote · decisión: corregir_corriente
putnamradical,Lara Putnam,Radical Moves: Caribbean Migrants and the Politics of Race in the Jazz Age,C5,C7,confirmado,a02-generado.json,Las movilidades caribeñas y la circulación de ideas políticas organizan el libro; soberanía y fronteras son consecuencias secundarias.,sí,sí,no,,no,sí,lote · decisión: corregir_corriente
shepherdmaharani,Verene A. Shepherd,Maharani's Misery: Narratives of a Passage from India to the Caribbean,C5,C4|C10,confirmado,a01-generado.json,La travesía y el traslado de trabajo contratado desde India al Caribe organizan el libro; explotación laboral y género son secundarios.,sí,sí,no,,no,sí,lote · decisión: corregir_corriente
beyondsun,Baver & Lynch (eds.),Beyond Sun and Sand,C6,C7,confirmado,a02-generado.json,Los ambientalismos caribeños organizan el volumen. Corregir a Beyond Sun and Sand: Caribbean Environmentalisms y registrar como editoras a Sherrie L. Baver y Barbara Deutsch Lynch.,sí,sí,no,,no,sí,lote · decisión: confirmar_candidatura_y_corregir_bibliografia
goffedarklab,Tao Leigh Goffe,"Dark Laboratory: On Columbus, the Caribbean, and the Origins of the Climate Crisis",C6,C1|C2,confirmado,a02-generado.json,"La crisis climática caribeña se explica mediante historias coloniales, raciales y extractivas; invasión y plantación son genealogías secundarias.",sí,sí,no,,no,sí,lote · decisión: confirmar_candidatura
jaffeconcrete,Rivke Jaffe,Concrete Jungles,C6,,confirmado,dictamen-academico-bloque-4-etapa-2-3.md,"C6 principal, sin secundaria confirmada; C4 queda como hipótesis abierta",sí,sí,sí,C6|C4,sí,sí,P1
alabi,Richard Price,Alabi's World,C7,C3,confirmado,dictamen-academico-bloque-3-etapa-2-3.md,C7 principal / C3 secundaria,sí,sí,no,,no,sí,P1
esquiva,archivo,La esquiva promesa de desarrollo,C7,C4,confirmado,s01-generado.json,"La pregunta central es la eficacia territorial y política de la Ley 70 en el Caribe; turismo, desplazamiento y desigualdad quedan como dimensiones secundarias de desposesión.",sí,sí,no,,no,sí,lote · decisión: identificar_y_corregir
hintzen,Percy C. Hintzen,"The Costs of Regime Survival: Racial Mobilization, Elite Domination and Control of the State in Guyana and Trinidad",C7,C4,confirmado,a02-generado.json,"La supervivencia del régimen, el Estado y la movilización racial organizan el argumento; economía política y clase son secundarias.",sí,sí,no,,no,sí,lote · decisión: confirmar_candidatura
rainforestwarriors,Richard Price,Rainforest Warriors,C7,C3,confirmado,dictamen-academico-bloque-3-etapa-2-3.md,C7 principal / C3 secundaria,sí,sí,no,,no,sí,P1
schuller_killingkindness,Mark Schuller,"Killing with Kindness: Haiti, International Aid, and NGOs",C7,C4,confirmado,a02-generado.json,"El poder de ONG, donantes y Estado organiza la crítica del régimen de ayuda; desigualdad y desposesión son una dimensión secundaria.",sí,sí,no,,no,sí,lote · decisión: confirmar_candidatura
benedictykokken_haitiexception,"Alessandra Benedicty-Kokken, Kaiama L. Glover, Jhon Picard Byron y Mark Schuller (eds.)",The Haiti Exception: Anthropology and the Predicaments of Development,C8,C7|C9,confirmado,a02-generado.json,"La obra interroga cómo la narrativa antropológica produce la excepcionalidad haitiana: representación, traducción y opacidad son el principio ordenador. Corregir el título a The Haiti Exception: Anthr",sí,sí,no,,no,sí,lote · decisión: corregir_corriente_y_bibliografia
benitez,Antonio Benítez Rojo,La isla que se repite / The Repeating Island,C8,C4,confirmado,s01-generado.json,"La isla que se repite y The Repeating Island son la obra original y su traducción inglesa, no dos obras independientes.",sí,sí,no,,sí,sí,lote · decisión: corregir_sin_dividir; con pendientes declarados
brathwaite,Kamau Brathwaite,Nation Language / Tidalectics,C8,C9,confirmado,s01-generado.json,Nation language pertenece a History of the Voice; tidalectics no es una segunda obra de 1984 y queda pendiente de una ficha bibliográfica propia.,sí,sí,no,,sí,sí,lote · decisión: corregir_sin_dividir; con pendientes declarados
glissant,Édouard Glissant,Poétique de la Relation / Le discours antillais,C8,C7,confirmado,s01-generado.json,"Le Discours antillais y Poétique de la Relation son libros diferentes pero convergen en una arquitectura de antillanidad, relación, opacidad y crítica colonial.",sí,sí,no,,no,sí,lote · decisión: descomponer_en_componentes
monahan,Michael Monahan,"Creolizing Practices of Freedom: Recognition and Dissonance / The Creolizing Subject: Race, Reason, and the Politics of Purity",C8,,confirmado,s01-generado.json,El nodo reúne dos libros distintos que convergen en una filosofía creolizante; el identificador se conserva como contenedor para no romper relaciones citables.,sí,sí,no,,no,sí,lote · decisión: descomponer_en_componentes
ortiz,Fernando Ortiz,Contrapunteo cubano / Transculturación,C8,C4,confirmado,s01-generado.json,"La ficha heredada confundía la obra con el concepto que el libro elabora. Transculturación se registra como aporte conceptual, no como segundo título.",sí,sí,no,,no,sí,lote · decisión: corregir_sin_dividir
wynterblackmetamorphosis,Sylvia Wynter,Black Metamorphosis,C8,C4,confirmado,decision-academica-wynterblackmetamorphosis-p2-etapa-2-3f.md,decisión de Dirección Académica con lectura documentada,sí,sí,no,,no,sí,P2
brownreaper,Vincent Brown,The Reaper's Garden: Death and Power in the World of Atlantic Slavery,C9,C2,confirmado,a02-generado.json,"La muerte, los rituales mortuorios y la política espiritual organizan el argumento; esclavización y plantación constituyen la arquitectura secundaria.",sí,sí,no,,no,sí,lote · decisión: corregir_corriente
chande,borrador / archivo,Sonoridades del Chandé en el Caribe seco,C9,C8,confirmado,piloto-generado.json,"El texto comprende el Chandé como pensamiento, saber y memoria mediante diálogo comunitario y respeto por el silencio de sabedoras y sabedores.",sí,sí,no,,sí,sí,lote · decisión: confirmar_con_correccion; con pendientes declarados
chevannes,Barry Chevannes,Rastafari: Roots and Ideology,C9,,confirmado,dictamen-academico-bloque-2-etapa-2-3.md,"C9 principal, sin C3 secundaria",sí,sí,no,,no,sí,P1
cosgrovegarifuna,"Cosgrove, Idiáquez, Bent y Gorvetzian",Surviving the Americas,C9,C5|C1,confirmado,decision-academica-cosgrovegarifuna-p2-etapa-2-3f.md,decisión de Dirección Académica con lectura documentada,sí,sí,no,,no,sí,P2
fuentesdispossessed,Marisa J. Fuentes,"Dispossessed Lives: Enslaved Women, Violence, and the Archive",C9,C2|C10,confirmado,a01-generado.json,La crítica de la forma y violencia del archivo organiza la producción de conocimiento; esclavización y cuerpos de mujeres son campos sustantivos secundarios.,sí,sí,no,,no,sí,lote · decisión: corregir_corriente
gomezexperiential,Pablo F. Gómez,The Experiential Caribbean,C9,C5,confirmado,decision-academica-gomezexperiential-cierre-p1-etapa-2-3.md,C9 principal / C5 secundaria,sí,sí,no,,no,sí,P1
manoalzada,archivo,A mano alzada: diáspora intelectual afrocolombiana,C9,C5,confirmado,s01-generado.json,La obra se presenta como memoria escrita de una tradición intelectual afrodiaspórica; la diáspora organiza su circulación y queda como corriente secundaria.,sí,sí,no,,no,sí,lote · decisión: identificar_y_corregir
pricemars,Jean Price-Mars,Ainsi parla l'oncle,C9,C8,confirmado,decision-academica-pricemars-p2-etapa-2-3f.md,decisión de Dirección Académica con lectura documentada,sí,sí,no,,no,sí,P2
travelstooy,Richard Price,Travels with Tooy,C9,,confirmado,dictamen-academico-bloque-2-etapa-2-3.md,"C9 principal, sin C3 secundaria",sí,sí,no,,no,sí,P1
perezmorales,Edgardo Pérez Morales,No Limits to Their Sway,,,confirmado,dictamen-academico-bloque-4-etapa-2-3.md,"síntesis multicorriente: C3, C5 y C7 estructurantes, sin principal",sí,sí,sí,C3|C5|C7,sí,sí,P1 · SINTESIS_MULTICORRIENTE C3/C5/C7
pinedashipwrecked,Baron L. Pineda,Shipwrecked Identities,,,confirmado,decision-academica-pinedashipwrecked-p2-etapa-2-3f.md,SINTESIS_MULTICORRIENTE C1/C4/C7,sí,sí,sí,C1|C4|C7,sí,sí,P2 · SINTESIS_MULTICORRIENTE C1/C4/C7
pricefirst,Richard Price,First-Time,,,confirmado,dictamen-academico-bloque-2-etapa-2-3.md,frontera constitutiva C3/C9: sin principal ni secundaria,sí,sí,sí,C3|C9,sí,sí,P1 · FRONTERA_CONSTITUTIVA C3/C9
rifkinfictions,Mark Rifkin,Fictions of Land and Flesh,,,confirmado,dictamen-academico-bloque-1-etapa-2-3.md,frontera constitutiva C1/C3: sin principal ni secundaria,sí,sí,sí,C1|C3,sí,sí,P1 · FRONTERA_CONSTITUTIVA C1/C3
schwartz_seaofstorms,Stuart B. Schwartz,Sea of Storms,,C2|C4,confirmado,decision-academica-schwartz_seaofstorms-p2-etapa-2-3f.md,FRONTERA_CONSTITUTIVA C6/C7,sí,sí,sí,C6|C7,sí,sí,P2 · FRONTERA_CONSTITUTIVA C6/C7
whiteheadtiger,Neil L. Whitehead,Lords of the Tiger Spirit,,,confirmado,decision-academica-whiteheadtiger-p2-etapa-2-3f.md,FRONTERA_CONSTITUTIVA C1/C7,sí,sí,sí,C1|C7,sí,sí,P2 · FRONTERA_CONSTITUTIVA C1/C7
abello,Alberto Abello Vives,La isla encallada: el Caribe colombiano en el archipiélago,,,pendiente,,,no,no,no,,no,sí,"figura en la cola de lectura de Atlas 2.0, sin abrir"
aftershocks,Bonilla & LeBrón (eds.),Aftershocks of Disaster (huracán María),,,pendiente,,,no,no,no,,no,sí,"figura en la cola de lectura de Atlas 2.0, sin abrir"
allen_dikimanera,Rose Mary Allen,"Di ki manera? A Social History of Afro-Curaçaoans, 1863-1917",,,pendiente,,,no,no,no,,no,sí,"figura en la cola de lectura de Atlas 2.0, sin abrir"
araujo,Ana Lucia Araujo,Reparations for Slavery and the Slave Trade: A Transnational and Comparative History,,,pendiente,,,no,no,no,,no,sí,"figura en la cola de lectura de Atlas 2.0, sin abrir"
archipelagicthinking,Michelle Stephens y Yolanda Martínez-San Miguel (eds.),Contemporary Archipelagic Thinking: Towards New Comparative Methodologies and Disciplinary Formations,,,pendiente,,,no,no,no,,no,sí,"figura en la cola de lectura de Atlas 2.0, sin abrir"
austinfearblack,David Austin,"Fear of a Black Nation: Race, Sex, and Security in Sixties Montreal",,,pendiente,,,no,no,no,,no,sí,"figura en la cola de lectura de Atlas 2.0, sin abrir"
bahadurcoolie,Gaiutra Bahadur,Coolie Woman: The Odyssey of Indenture,,,pendiente,,,no,no,no,,no,sí,"figura en la cola de lectura de Atlas 2.0, sin abrir"
becklessavingsouls,Hilary McD. Beckles y Verene A. Shepherd (eds.),Saving Souls: The Struggle to End the Transatlantic Trade in Africans,,,pendiente,,,no,no,no,,no,sí,"figura en la cola de lectura de Atlas 2.0, sin abrir"
besson,Jean Besson,Martha Brae's Two Histories,,,pendiente,,,no,no,no,,no,sí,"figura en la cola de lectura de Atlas 2.0, sin abrir"
bollandbelize,O. Nigel Bolland,"The Formation of a Colonial Society: Belize, From Conquest to Crown Colony",,,pendiente,,,no,no,no,,no,sí,"figura en la cola de lectura de Atlas 2.0, sin abrir"
branddoor,Dionne Brand,A Map to the Door of No Return: Notes to Belonging,,,pendiente,,,no,no,no,,no,sí,"figura en la cola de lectura de Atlas 2.0, sin abrir"
brereton_racerelationstrinidad,Bridget Brereton,"Race Relations in Colonial Trinidad, 1870-1900",,,pendiente,,,no,no,no,,no,sí,"figura en la cola de lectura de Atlas 2.0, sin abrir"
callaloonation,Aisha Khan,Callaloo Nation: Metaphors of Race and Religious Identity among South Asians in Trinidad,,,pendiente,,,no,no,no,,no,sí,"figura en la cola de lectura de Atlas 2.0, sin abrir"
caribjourneys,Karen Fog Olwig,Caribbean Journeys: An Ethnography of Migration and Home in Three Family Networks,,,pendiente,,,no,no,no,,no,sí,"figura en la cola de lectura de Atlas 2.0, sin abrir"
casimir,Jean Casimir,The Haitians: A Decolonial History,,,pendiente,,,no,no,no,,no,sí,"figura en la cola de lectura de Atlas 2.0, sin abrir"
castorspiritual,N. Fadeke Castor,Spiritual Citizenship: Transnational Pathways from Black Power to Ifá in Trinidad,,,pendiente,,,no,no,no,,no,sí,"figura en la cola de lectura de Atlas 2.0, sin abrir"
castrogomezhybris,Santiago Castro-Gómez,"La hybris del punto cero: ciencia, raza e ilustración en la Nueva Granada (1750-1816)",,,pendiente,,,no,no,no,,no,sí,"figura en la cola de lectura de Atlas 2.0, sin abrir"
crawfordturtlemen,Sharika D. Crawford,"The Last Turtlemen of the Caribbean: Waterscapes of Labor, Conservation, and Boundary Making",,,pendiente,,,no,no,no,,no,sí,"figura en la cola de lectura de Atlas 2.0, sin abrir"
cuijla,Gonzalo Aguirre Beltrán,Cuijla: Esbozo etnográfico de un pueblo negro,,,pendiente,,,no,no,no,,no,sí,"figura en la cola de lectura de Atlas 2.0, sin abrir"
deere,Don Thomas Deere,The Invention of Order: On the Coloniality of Space,,,pendiente,,,no,no,no,,no,sí,"figura en la cola de lectura de Atlas 2.0, sin abrir"
deloughrey,Elizabeth M. DeLoughrey,Allegories of the Anthropocene,,,pendiente,,,no,no,no,,no,sí,"figura en la cola de lectura de Atlas 2.0, sin abrir"
duboisturits,Laurent Dubois y Richard Lee Turits,Freedom Roots: Histories from the Caribbean,,,pendiente,,,no,no,no,,no,sí,"figura en la cola de lectura de Atlas 2.0, sin abrir"
dubuissonhaiti,Darlène Elizabeth Dubuisson,Reclaiming Haiti's Futures,,,pendiente,,,no,no,no,,no,sí,"figura en la cola de lectura de Atlas 2.0, sin abrir"
escalante,Aquiles Escalante,El Palenque de San Basilio,,,pendiente,,,no,no,no,,no,sí,"figura en la cola de lectura de Atlas 2.0, sin abrir"
ferdinand,Malcom Ferdinand,Une écologie décoloniale,,,pendiente,,,no,no,no,,no,sí,"figura en la cola de lectura de Atlas 2.0, sin abrir"
ferrerfreedomsmirror,Ada Ferrer,Freedom's Mirror: Cuba and Haiti in the Age of Revolution,,,pendiente,,,no,no,no,,no,sí,"figura en la cola de lectura de Atlas 2.0, sin abrir"
fischer,Sibylle Fischer,Modernity Disavowed: Haiti and the Cultures of Slavery in the Age of Revolution,,,pendiente,,,no,no,no,,no,sí,"figura en la cola de lectura de Atlas 2.0, sin abrir"
fouchard,Jean Fouchard,Les marrons de la liberté,,,pendiente,,,no,no,no,,no,sí,"figura en la cola de lectura de Atlas 2.0, sin abrir"
friedemannlengua,Carlos Patiño Rosselli & Nina S. de Friedemann,Lengua y sociedad en el Palenque de San Basilio,,,pendiente,,,no,no,no,,no,sí,"figura en la cola de lectura de Atlas 2.0, sin abrir"
globalculture,Karen Fog Olwig,"Global Culture, Island Identity: Continuity and Change in the Afro-Caribbean Community of Nevis",,,pendiente,,,no,no,no,,no,sí,"figura en la cola de lectura de Atlas 2.0, sin abrir"
goldbergabolition,Jess A. Goldberg,"Abolition Time: Grammars of Law, Poetics of Justice",,,pendiente,,,no,no,no,,no,sí,"figura en la cola de lectura de Atlas 2.0, sin abrir"
grosfoguelcolonial,Ramón Grosfoguel,Colonial Subjects: Puerto Ricans in a Global Perspective,,,pendiente,,,no,no,no,,no,sí,"figura en la cola de lectura de Atlas 2.0, sin abrir"
gudynas,Eduardo Gudynas,Extractivismos,,,pendiente,a02-generado.json,"La obra es pertinente para ecología política, pero la fuente consultada no demuestra un caso u orilla admisible del Atlas. No se asigna corriente hasta resolver elegibilidad. Título completo: Extracti",sí,sí,no,,sí,sí,lote · decisión: bloquear_por_alcance_y_corregir_bibliografia; con pendientes declarados
hallafricanslouisiana,Gwendolyn Midlo Hall,Africans in Colonial Louisiana: The Development of Afro-Creole Culture in the Eighteenth Century,,,pendiente,,,no,no,no,,no,sí,"figura en la cola de lectura de Atlas 2.0, sin abrir"
headleyreparaciones,Clevis Headley,A Philosophical Investigation into the Possibility/Impossibility of Reparations for Caribbean Slavery: Assessing the Legal Challenges,,,pendiente,,,no,no,no,,no,sí,"figura en la cola de lectura de Atlas 2.0, sin abrir"
helglibertyequality,Aline Helg,"Liberty and Equality in Caribbean Colombia, 1770-1835",,,pendiente,,,no,no,no,,no,sí,"figura en la cola de lectura de Atlas 2.0, sin abrir"
henrycaliban,Paget Henry,Caliban's Reason: Introducing Afro-Caribbean Philosophy,,,pendiente,,,no,no,no,,no,sí,"figura en la cola de lectura de Atlas 2.0, sin abrir"
hoeftesuriname,Rosemarijn Hoefte,"Suriname in the Long Twentieth Century: Domination, Contestation, Globalization",,,pendiente,,,no,no,no,,no,sí,"figura en la cola de lectura de Atlas 2.0, sin abrir"
islandfutures,Mimi Sheller,Island Futures: Caribbean Survival in the Anthropocene,,,pendiente,,,no,no,no,,no,sí,"figura en la cola de lectura de Atlas 2.0, sin abrir"
james_bannerethiopia,Winston James,Holding Aloft the Banner of Ethiopia: Caribbean Radicalism in Early Twentieth-Century America,,,pendiente,,,no,no,no,,no,sí,"figura en la cola de lectura de Atlas 2.0, sin abrir"
johnson_climatecuba,Sherry Johnson,Climate and Catastrophe in Cuba and the Atlantic World in the Age of Revolution,,,pendiente,,,no,no,no,,no,sí,"figura en la cola de lectura de Atlas 2.0, sin abrir"
johnsonbelize,Melissa A. Johnson,Becoming Creole: Nature and Race in Belize,,,pendiente,,,no,no,no,,no,sí,"figura en la cola de lectura de Atlas 2.0, sin abrir"
kahnislands,Jeffrey S. Kahn,Islands of Sovereignty: Haitian Migration and the Borders of Empire,,,pendiente,,,no,no,no,,no,sí,"figura en la cola de lectura de Atlas 2.0, sin abrir"
kalefragments,Madhavi Kale,"Fragments of Empire: Capital, Slavery, and Indian Indentured Labor in the British Caribbean",,,pendiente,,,no,no,no,,no,sí,"figura en la cola de lectura de Atlas 2.0, sin abrir"
kloosterrealm,Wim Klooster y Gert Oostindie,"Realm between Empires: The Second Dutch Atlantic, 1680-1815",,,pendiente,,,no,no,no,,no,sí,"figura en la cola de lectura de Atlas 2.0, sin abrir"
lebroncimarronaje,Pedro Lebrón Ortiz,Filosofía del cimarronaje,,,pendiente,,,no,no,no,,no,sí,"figura en la cola de lectura de Atlas 2.0, sin abrir"
lizcanocarnaval,Martha Lizcano Angarita y Danny González Cueto (comps.),"Leyendo el carnaval: miradas desde Barranquilla, Bahía y Barcelona",,,pendiente,,,no,no,no,,no,sí,"figura en la cola de lectura de Atlas 2.0, sin abrir"
looklaichinese,Walton Look Lai,"The Chinese in the West Indies, 1806-1995: A Documentary History",,,pendiente,,,no,no,no,,no,sí,"figura en la cola de lectura de Atlas 2.0, sin abrir"
mamalola,Karen McCarthy Brown,Mama Lola: A Vodou Priestess in Brooklyn,,,pendiente,,,no,no,no,,no,sí,"figura en la cola de lectura de Atlas 2.0, sin abrir"
martinezsanmiguel,Yolanda Martínez-San Miguel,Coloniality of Diasporas: Rethinking Intra-Colonial Migrations in a Pan Caribbean Context,,,pendiente,,,no,no,no,,no,sí,"figura en la cola de lectura de Atlas 2.0, sin abrir"
mcneillmosquito,J. R. McNeill,"Mosquito Empires: Ecology and War in the Greater Caribbean, 1620-1914",,,pendiente,,,no,no,no,,no,sí,"figura en la cola de lectura de Atlas 2.0, sin abrir"
mendozaraices,María Angélica del Mar Mendoza Manotas (comp.) et al.,"Raíces, Resistencias y Territorios: 500 años de experiencia Afro en Santa Marta",,,pendiente,,,no,no,no,,no,sí,"figura en la cola de lectura de Atlas 2.0, sin abrir"
meniketinevis,Marco G. Meniketti,"Sugar Cane Capitalism and Environmental Transformation: An Archaeology of Colonial Nevis, West Indies",,,pendiente,,,no,no,no,,no,sí,"figura en la cola de lectura de Atlas 2.0, sin abrir"
mintz,Sidney W. Mintz,Caribbean Transformations / Sweetness and Power,,,pendiente,piloto-generado.json,El nodo reúne dos obras con argumentos diferentes; no se confirma una corriente única hasta revisar cada componente.,no,sí,no,,sí,sí,lote · decisión: mantener_pendiente; con pendientes declarados
mintzpricebirth,Sidney W. Mintz y Richard Price,The Birth of African-American Culture: An Anthropological Perspective,,,pendiente,,,no,no,no,,no,sí,"figura en la cola de lectura de Atlas 2.0, sin abrir"
mitchellalibi,Timothy Mitchell,The Alibi of Capital: How We Broke the Earth to Steal the Future on the Promise of a Better Tomorrow,,,pendiente,,,no,no,no,,no,sí,"figura en la cola de lectura de Atlas 2.0, sin abrir"
muneraelfracaso,Alfonso Múnera,"El fracaso de la nación: región, clase y raza en el Caribe colombiano (1717-1821)",,,pendiente,,,no,no,no,,no,sí,"figura en la cola de lectura de Atlas 2.0, sin abrir"
munrohaitirising,Martin Munro (ed.),"Haiti Rising: Haitian History, Culture and the Earthquake of 2010",,,pendiente,,,no,no,no,,no,sí,"figura en la cola de lectura de Atlas 2.0, sin abrir"
olsencartagena,Margaret M. Olsen,Slavery and Salvation in Colonial Cartagena de Indias,,,pendiente,,,no,no,no,,no,sí,"figura en la cola de lectura de Atlas 2.0, sin abrir"
olwigstjohn,Karen Fog Olwig,Cultural Adaptation and Resistance on St. John,,,pendiente,,,no,no,no,,no,sí,"figura en la cola de lectura de Atlas 2.0, sin abrir"
pardomosquerahoffmann,"Mauricio Pardo, Claudia Mosquera y Odile Hoffmann (eds.)",Afrodescendientes en las Américas: trayectorias sociales e identitarias. 150 años de la abolición de la esclavitud en Colombia,,,pendiente,,,no,no,no,,no,sí,"figura en la cola de lectura de Atlas 2.0, sin abrir"
prestolmasacre,Freddy Prestol Castillo,El Masacre se pasa a pie (You Can Cross the Massacre on Foot),,,pendiente,,,no,no,no,,no,sí,"figura en la cola de lectura de Atlas 2.0, sin abrir"
puriradical,Shalini Puri (ed.),The Legacies of Caribbean Radical Politics,,,pendiente,,,no,no,no,,no,sí,"figura en la cola de lectura de Atlas 2.0, sin abrir"
quinnblackpower,Kate Quinn (ed.),Black Power in the Caribbean,,,pendiente,,,no,no,no,,no,sí,"figura en la cola de lectura de Atlas 2.0, sin abrir"
ramsaranlewis,Dave Ramsaran y Linden F. Lewis,Caribbean Masala: Indian Identity in Guyana and Trinidad,,,pendiente,,,no,no,no,,no,sí,"figura en la cola de lectura de Atlas 2.0, sin abrir"
rebeldestiny,Melville & Frances Herskovits,Rebel Destiny: Among the Bush Negroes of Dutch Guiana,,,pendiente,,,no,no,no,,no,sí,"figura en la cola de lectura de Atlas 2.0, sin abrir"
rediker,Marcus Rediker,Barco de esclavos: una historia humana,,,pendiente,,,no,no,no,,no,sí,"figura en la cola de lectura de Atlas 2.0, sin abrir"
reysinningcristorey,Édgar Rey Sinning,"Cristo Rey, un espacio para permanecer en el tiempo",,,pendiente,,,no,no,no,,no,sí,"figura en la cola de lectura de Atlas 2.0, sin abrir"
roberts,Neil Roberts,Freedom as Marronage,,,pendiente,,,no,no,no,,no,sí,"figura en la cola de lectura de Atlas 2.0, sin abrir"
robinsonmarxismo,Cedric J. Robinson,Marxismo negro: la formación de la tradición radical negra,,,pendiente,,,no,no,no,,no,sí,"figura en la cola de lectura de Atlas 2.0, sin abrir"
rtsmithmatrifocal,Raymond T. Smith,"The Matrifocal Family: Power, Pluralism and Politics",,,pendiente,,,no,no,no,,no,sí,"figura en la cola de lectura de Atlas 2.0, sin abrir"
russwurm,Winston James,"The Struggles of John Brown Russwurm: The Life and Writings of a Pan-Africanist Pioneer, 1799-1851",,,pendiente,,,no,no,no,,no,sí,"figura en la cola de lectura de Atlas 2.0, sin abrir"
saetheridentidades,Steinar A. Sæther,"Identidades e independencia en Santa Marta y Riohacha, 1750-1850",,,pendiente,,,no,no,no,,no,sí,"figura en la cola de lectura de Atlas 2.0, sin abrir"
sangbenvolviendo,Mukien Adriana Sang Ben,Volviendo al Caribe,,,pendiente,,,no,no,no,,no,sí,"figura en la cola de lectura de Atlas 2.0, sin abrir"
scher,Philip W. Scher,Carnival and the Formation of a Caribbean Transnation,,,pendiente,,,no,no,no,,no,sí,"figura en la cola de lectura de Atlas 2.0, sin abrir"
sharpewake,Christina Sharpe,In the Wake: On Blackness and Being,,,pendiente,,,no,no,no,,no,sí,"figura en la cola de lectura de Atlas 2.0, sin abrir"
shellererotic,Mimi Sheller,Citizenship from Below: Erotic Agency and Caribbean Freedom,,,pendiente,,,no,no,no,,no,sí,"figura en la cola de lectura de Atlas 2.0, sin abrir"
stewardpuertorico,"Julian H. Steward, Robert A. Manners, Eric R. Wolf, Elena Padilla Seda, Sidney W. Mintz, Raymond L. Scheele",The People of Puerto Rico: A Study in Social Anthropology,,,pendiente,piloto-generado.json,Es la misma obra que steward; sus metadatos y relaciones se conservan mediante fusión y redirección.,sí,sí,no,,no,no,lote · decisión: fusionar_y_redirigir
truebornmaroons,Kenneth Bilby,True-Born Maroons,,,pendiente,,,no,no,no,,no,sí,"figura en la cola de lectura de Atlas 2.0, sin abrir"
wilsoncrabantics,Peter J. Wilson,Crab Antics: The Social Anthropology of English-Speaking Negro Societies of the Caribbean,,,pendiente,,,no,no,no,,no,sí,"figura en la cola de lectura de Atlas 2.0, sin abrir"
zambrana,Rocío Zambrana,Colonial Debts: The Case of Puerto Rico,,,pendiente,,,no,no,no,,no,sí,"figura en la cola de lectura de Atlas 2.0, sin abrir"
zapataarbol,Manuel Zapata Olivella,El árbol brujo de la libertad,,,pendiente,,,no,no,no,,no,sí,"figura en la cola de lectura de Atlas 2.0, sin abrir"
zips_nannysasafo,Werner Zips,Nanny's Asafo Warriors: The Jamaican Maroons' African Experience,,,pendiente,,,no,no,no,,no,sí,"figura en la cola de lectura de Atlas 2.0, sin abrir"
zonabananera,Roberto Almanza y Margarita Granados Castellanos,Las geografías negras en la Zona Bananera: algunas cuestiones de método para encarar las vidas negras del Caribe colombiano,,,pendiente,,,no,no,no,,no,sí,"figura en la cola de lectura de Atlas 2.0, sin abrir"
alexander,M. Jacqui Alexander,"Pedagogies of Crossing: Feminism, Sexual Politics, Memory, and the Sacred",,,sin_evaluar,,,no,no,no,,no,sí,ni leída ni en la cola
allenvenceremos,Jafari S. Allen,¡Venceremos? The Erotics of Black Self-Making in Cuba,,,sin_evaluar,,,no,no,no,,no,sí,ni leída ni en la cola
almanzaorilla,Roberto Almanza Hernández,La orilla de Calibán: el rastro de la filosofía afrocaribe en el siglo XX,,,sin_evaluar,,,no,no,no,,no,sí,ni leída ni en la cola
barrowfamily,Christine Barrow,Family in the Caribbean: Themes and Perspectives,,,sin_evaluar,,,no,no,no,,no,sí,ni leída ni en la cola
bebelgislerleonora,Dany Bébel-Gisler,Léonora: The Buried Story of Guadeloupe,,,sin_evaluar,,,no,no,no,,no,sí,ni leída ni en la cola
bogueslammingreader,Anthony Bogues (ed.),The George Lamming Reader: The Aesthetics of Decolonisation,,,sin_evaluar,,,no,no,no,,no,sí,ni leída ni en la cola
bonilla,Yarimar Bonilla,Non-Sovereign Futures,,,sin_evaluar,,,no,no,no,,no,sí,ni leída ni en la cola
brathwaitearchipelago,Kamau Brathwaite,Caribbean Man in Space and Time,,,sin_evaluar,,,no,no,no,,no,sí,ni leída ni en la cola
brownetropic,Kevin Adonis Browne,"Tropic Tendencies: Rhetoric, Popular Culture, and the Anglophone Caribbean",,,sin_evaluar,,,no,no,no,,no,sí,ni leída ni en la cola
cabrera,Lydia Cabrera,El Monte,,,sin_evaluar,,,no,no,no,,no,sí,ni leída ni en la cola
cesaire,Aimé Césaire,Discurso sobre el colonialismo,,,sin_evaluar,,,no,no,no,,no,sí,ni leída ni en la cola
chicamusicaafricana,Ricardo Chica Geliz y Adrián Fajardo Martínez,¿Dónde hay música africana? Cultura picotera y Festival Internacional de Música del Caribe en Cartagena,,,sin_evaluar,,,no,no,no,,no,sí,ni leída ni en la cola
chocolatecorn,Laura A. Lewis,"Chocolate and Corn Flour: History, Race, and Place in the Making of Black Mexico",,,sin_evaluar,,,no,no,no,,no,sí,ni leída ni en la cola
citizenshipedge,Nancy J. Hirschmann & Deborah A. Thomas (eds.),"Citizenship on the Edge: Sex, Gender, Race",,,sin_evaluar,,,no,no,no,,no,sí,ni leída ni en la cola
clarkemymother,Edith Clarke,My Mother Who Fathered Me: A Study of the Families in Three Selected Communities of Jamaica,,,sin_evaluar,,,no,no,no,,no,sí,ni leída ni en la cola
corinealdipanama,Kaysha Corinealdi,Panama in Black: Afro-Caribbean World Making in the Twentieth Century,,,sin_evaluar,,,no,no,no,,no,sí,ni leída ni en la cola
creolenieworleans,Arnold R. Hirsch y Joseph Logsdon (eds.),Creole New Orleans: Race and Americanization,,,sin_evaluar,,,no,no,no,,no,sí,ni leída ni en la cola
creolite,"Bernabé, Chamoiseau, Confiant",Éloge de la créolité,,,sin_evaluar,,,no,no,no,,no,sí,ni leída ni en la cola
cunin,Elisabeth Cunin,Identidades a flor de piel: lo 'negro' entre apariencias y pertenencias,,,sin_evaluar,,,no,no,no,,no,sí,ni leída ni en la cola
curiel,Ochy Curiel,La Nación Heterosexual,,,sin_evaluar,,,no,no,no,,no,sí,ni leída ni en la cola
dunham,Katherine Dunham,Island Possessed,,,sin_evaluar,,,no,no,no,,no,sí,ni leída ni en la cola
fanon,Frantz Fanon,"Piel negra, máscaras blancas",,,sin_evaluar,,,no,no,no,,no,sí,ni leída ni en la cola
firmin,Anténor Firmin,De la igualdad de las razas humanas (The Equality of the Human Races),,,sin_evaluar,,,no,no,no,,no,sí,ni leída ni en la cola
garciapenaborders,Lorgia García-Peña,"The Borders of Dominicanidad: Race, Nation, and Archives of Contradiction",,,sin_evaluar,,,no,no,no,,no,sí,ni leída ni en la cola
godreauscripts,Isar P. Godreau,"Scripts of Blackness: Race, Cultural Nationalism, and U.S. Colonialism in Puerto Rico",,,sin_evaluar,,,no,no,no,,no,sí,ni leída ni en la cola
gosinenature,Andil Gosine,"Nature's Wild: Love, Sex, and Law in the Caribbean",,,sin_evaluar,,,no,no,no,,no,sí,ni leída ni en la cola
grenaderevolution,Wendy C. Grenade (ed.),The Grenada Revolution: Reflections and Lessons,,,sin_evaluar,,,no,no,no,,no,sí,ni leída ni en la cola
hagedorn,Katherine J. Hagedorn,Divine Utterances: The Performance of Afro-Cuban Santería,,,sin_evaluar,,,no,no,no,,no,sí,ni leída ni en la cola
hoeftetrajectories,"Rosemarijn Hoefte, Matthew L. Bishop y Peter Clegg (eds.)",Post-Colonial Trajectories in the Caribbean: The Three Guianas,,,sin_evaluar,,,no,no,no,,no,sí,ni leída ni en la cola
hurboncomprendre,Laënnec Hurbon,"Comprendre Haïti: essai sur l'État, la nation, la culture",,,sin_evaluar,,,no,no,no,,no,sí,ni leída ni en la cola
hurbondictadura,Laënnec Hurbon,Culture et dictature en Haïti: l'imaginaire sous contrôle,,,sin_evaluar,,,no,no,no,,no,sí,ni leída ni en la cola
kincaidsmallplace,Jamaica Kincaid,A Small Place,,,sin_evaluar,,,no,no,no,,no,sí,ni leída ni en la cola
kingisland,Rosamond S. King,Island Bodies: Transgressive Sexualities in the Caribbean Imagination,,,sin_evaluar,,,no,no,no,,no,sí,ni leída ni en la cola
knight_genesisnacionalismo,Franklin W. Knight,The Caribbean: The Genesis of a Fragmented Nationalism,,,sin_evaluar,,,no,no,no,,no,sí,ni leída ni en la cola
lara,Ana-Maurine Lara,Queer Freedom: Black Sovereignty,,,sin_evaluar,,,no,no,no,,no,sí,ni leída ni en la cola
lassoerased,Marixa Lasso,Erased: The Untold Story of the Panama Canal,,,sin_evaluar,,,no,no,no,,no,sí,ni leída ni en la cola
legrandfrontier,Catherine LeGrand,"Colonización y protesta campesina en Colombia, 1850-1950 (Frontier Expansion and Peasant Protest in Colombia)",,,sin_evaluar,,,no,no,no,,no,sí,ni leída ni en la cola
lindskoog,Carl Lindskoog,Detain and Punish: Haitian Refugees,,,sin_evaluar,,,no,no,no,,no,sí,ni leída ni en la cola
meeks_postcolonial,Brian Meeks,"After the Postcolonial Caribbean: Memory, Imagination, Hope",,,sin_evaluar,,,no,no,no,,no,sí,ni leída ni en la cola
mgsmithplural,M. G. Smith,The Plural Society in the British West Indies,,,sin_evaluar,,,no,no,no,,no,sí,ni leída ni en la cola
millerbassey,Ivor L. Miller y Bassey E. Bassey,Voice of the Leopard: African Secret Societies and Cuba,,,sin_evaluar,,,no,no,no,,no,sí,ni leída ni en la cola
modernblackness,Deborah A. Thomas,"Modern Blackness: Nationalism, Globalization, and the Politics of Culture in Jamaica",,,sin_evaluar,,,no,no,no,,no,sí,ni leída ni en la cola
mohammed_generosrealidades,Patricia Mohammed (ed.),Gendered Realities: Essays in Caribbean Feminist Thought,,,sin_evaluar,,,no,no,no,,no,sí,ni leída ni en la cola
oostindiedecolonising,Gert Oostindie e Inge Klinkers,Decolonising the Caribbean: Dutch Policies in a Comparative Perspective,,,sin_evaluar,,,no,no,no,,no,sí,ni leída ni en la cola
palmiengangas,Stephan Palmié,Thinking with Ngangas,,,sin_evaluar,,,no,no,no,,no,sí,ni leída ni en la cola
palmiewizards,Stephan Palmié,Wizards and Scientists,,,sin_evaluar,,,no,no,no,,no,sí,ni leída ni en la cola
ramadan,Omar Ramadan-Santiago,Constructing Spiritual Blackness: Rastafari in Puerto Rico,,,sin_evaluar,,,no,no,no,,no,sí,ni leída ni en la cola
rappaportcobarde,Joanne Rappaport,El cobarde no hace historia: Orlando Fals Borda y los inicios de la investigación-acción participativa,,,sin_evaluar,,,no,no,no,,no,sí,ni leída ni en la cola
reconfdominic,Kimberly Eison Simmons,Reconfiguring Dominicanness,,,sin_evaluar,,,no,no,no,,no,sí,ni leída ni en la cola
rodney,Walter Rodney,How Europe Underdeveloped Africa,,,sin_evaluar,,,no,no,no,,no,sí,ni leída ni en la cola
schweitzerbata,Kenneth George Schweitzer,"The Artistry of Afro-Cuban Batá Drumming: Aesthetics, Transmission, and Bonding",,,sin_evaluar,,,no,no,no,,no,sí,ni leída ni en la cola
scottconscripts,David Scott,Conscripts of Modernity: The Tragedy of Colonial Enlightenment,,,sin_evaluar,,,no,no,no,,no,sí,ni leída ni en la cola
smith_sexcitizen,Faith Smith (ed.),Sex and the Citizen: Interrogating the Caribbean,,,sin_evaluar,,,no,no,no,,no,sí,ni leída ni en la cola
smithredblack,Matthew J. Smith,"Red and Black in Haiti: Radicalism, Conflict, and Political Change, 1934-1957",,,sin_evaluar,,,no,no,no,,no,sí,ni leída ni en la cola
sonicbodies,Julian Henriques,"Sonic Bodies: Reggae Sound Systems, Performance Techniques, and Ways of Knowing",,,sin_evaluar,,,no,no,no,,no,sí,ni leída ni en la cola
tambu,Nanette de Jong,Tambú: Curaçao's African-Caribbean Ritual,,,sin_evaluar,,,no,no,no,,no,sí,ni leída ni en la cola
taylor,Patrick Taylor (ed.),"Nation Dance: Religion, Identity, and Cultural Difference in the Caribbean",,,sin_evaluar,,,no,no,no,,no,sí,ni leída ni en la cola
tellmyhorse,Zora Neale Hurston,Tell My Horse: Voodoo and Life in Haiti and Jamaica,,,sin_evaluar,,,no,no,no,,no,sí,ni leída ni en la cola
tinsley,Omise'eke Natasha Tinsley,Ezili's Mirrors: Imagining Black Queer Genders,,,sin_evaluar,,,no,no,no,,no,sí,ni leída ni en la cola
trouillot,Michel-Rolph Trouillot,The Caribbean Region: An Open Frontier,,,sin_evaluar,,,no,no,no,,no,sí,ni leída ni en la cola
trouillothaitistate,Michel-Rolph Trouillot,Haiti: State Against Nation. The Origins and Legacy of Duvalierism,,,sin_evaluar,,,no,no,no,,no,sí,ni leída ni en la cola
trouillotsilencing,Michel-Rolph Trouillot,Silenciando el pasado: el poder y la producción de la Historia,,,sin_evaluar,,,no,no,no,,no,sí,ni leída ni en la cola
trouillottransformaciones,Michel-Rolph Trouillot,Transformaciones globales: la antropología y el mundo moderno (Global Transformations),,,sin_evaluar,,,no,no,no,,no,sí,ni leída ni en la cola
ulysseWhyHaiti,Gina Athena Ulysse,Why Haiti Needs New Narratives: A Post-Quake Chronicle,,,sin_evaluar,,,no,no,no,,no,sí,ni leída ni en la cola
vanderpijl_equaliberty,Yvon van der Pijl y Francio Guadeloupe (eds.),Equaliberty in the Dutch Caribbean: Ways of Being Non/Sovereign,,,sin_evaluar,,,no,no,no,,no,sí,ni leída ni en la cola
vete,Hanétha Vété-Congolo (ed.),The Caribbean Oral Tradition,,,sin_evaluar,,,no,no,no,,no,sí,ni leída ni en la cola
wilderfreedomtime,Gary Wilder,"Freedom Time: Negritude, Decolonization, and the Future of the World",,,sin_evaluar,,,no,no,no,,no,sí,ni leída ni en la cola
wirtzperforming,Kristina Wirtz,"Performing Afro-Cuba: Image, Voice, Spectacle in the Making of Race and History",,,sin_evaluar,,,no,no,no,,no,sí,ni leída ni en la cola
yountaesecular,An Yountae,"The Coloniality of the Secular: Race, Religion, and Poetics of World-Making",,,sin_evaluar,,,no,no,no,,no,sí,ni leída ni en la cola
